IN/OUT;CODE;NCSP;TEXT;usedate;reldate
OUT;ABC28;;Inl„ggande av expanderande implantat mellan spinalutskotten;;31.12.2012
IN;ABC28;;Inl„ggande av expanderande implantat mellan spinalutskotten;1.1.2013;
OUT;ABD60;;Implantation av spinal nervelektrod PNE 1;;31.12.2012
IN;ABD60;;Implantation av spinal nervelektrod PNE 1;1.1.2013;
OUT;ABD65;;Implantation av spinal nervstimuleringsutrustning PNE 2;;31.12.2012
IN;ABD65;;Implantation av spinal nervstimuleringsutrustning PNE 2;1.1.2013;
IN;AD051;;H”rselg†ngsm„tning (IF-m„tning);1.1.2013;
IN;AD052;;Foniatrisk diagnostik av r”st- och talst”rningar;1.1.2013;
OUT;AU006;;Standardiserad intervju f”r psykiatrisk syndromdiagnostik;;31.12.2012
IN;AU006;;Standardiserad intervju f”r psykiatrisk syndromdiagnostik;1.1.2013;
OUT;AU116;;™vervakad l„kemedelstillf”rsel;;31.12.2012
IN;AU116;;™vervakning av l„kemedelsintag;1.1.2013;
OUT;CKD05;;Injektion av l„kemedel i glaskropp;;31.12.2012
IN;CKD05;;Injektion av l„kemedel i glaskropp;1.1.2013;
IN;DDE00;;Fixation of electromagnetic hearing prosthesis onto ossicles of ear;1.1.2013;
IN;DFE10ÿ;;Fixation of electromagnetic hearing prosthesis to round windowÿ;1.1.2013;
IN;DN010;;Sluten fasciotomi;1.1.2013;
OUT;DT002;;Injektion av diagnostisk eller terapeutisk substans i entes, ligament, senskida och dylikt, ospecificerad region;;31.12.2012
IN;DT002;;Injektion av diagnostisk eller terapeutisk substans i entes, ligament, senskida, bindv„v och dylikt, ospecificerad region;1.1.2013;
OUT;DU023;;Psykopedagogisk behandling;;31.12.2012
IN;DU023;;Psykopedagogisk behandling;1.1.2013;
OUT;DU027;;Samspelsbehandling f”r„lder och sp„dbarn;;31.12.2012
IN;DU027;;Samspelsbehandling f”r„lder och barn;1.1.2013;
OUT;DU029;;Gruppbehandling utifr†n manualiserad metod;;31.12.2012
IN;DU029;;Deleted 2012/12/31 - Gruppbehandling utifr†n manualiserad metod;1.1.2013;
IN;DU045;;Uppf”ljningssamtal efter tv†ngs†tg„rd;1.1.2013;
OUT;EMB15;;Intrakapsul„r destruktion av tonsill;;31.12.2012
IN;EMB15;;Intrakapsul„r destruktion av tonsillv„vnad;1.1.2013;
IN;FPB12;;Transvasal kryoablation av ektopiskt hj„rtfokus;1.1.2013;
OUT;GB003;;L„kemedelspumpbehandling, information och undervisning;;31.12.2012
IN;GB003;;L„kemedelspumpbehandling, information och undervisning;1.1.2013;
OUT;JAA20;;™ppen exploration av ljumskkanal;;31.12.2012
IN;JAA20;;™ppen exploration av ljumskkanal;1.1.2013;
OUT;JAA21;;Laparoskopisk exploration av ljumskkanal;;31.12.2012
IN;JAA21;;Laparoskopisk exploration av ljumskkanal;1.1.2013;
OUT;JAA23;;™ppen exploration av ljumskkanal med avl„gsnande av n„t eller fixation;;31.12.2012
IN;JAA23;;™ppen exploration av ljumskkanal med avl„gsnande av n„t eller fixation;1.1.2013;
OUT;JAA24;;Laparoskopisk exploration av ljumskkanal med avl„gsnande av n„t eller fixation;;31.12.2012
IN;JAA24;;Laparoskopisk exploration av ljumskkanal med avl„gsnande av n„t eller fixation;1.1.2013;
OUT;JAB01;;Laparoskopisk operation av ljumskbr†ck med exicision av br†cks„ck;;31.12.2012
IN;JAB01;;Laparoskopisk operation av ljumskbr†ck med exicision av br†cks„ck;1.1.2013;
OUT;JAB04;;Endoskopisk extraperitoneal operation av ljumskbr†ck med exicision av br†cks„ck;;31.12.2012
IN;JAB04;;Endoskopisk extraperitoneal operation av ljumskbr†ck med exicision av br†cks„ck;1.1.2013;
OUT;JAB10;;™ppen operation av ljumskbr†ck med suturplastik, Shouldice m fl;;31.12.2012
IN;JAB10;;™ppen operation av ljumskbr†ck med suturplastik, Shouldice m fl;1.1.2013;
OUT;JAB11;;Laparoskopisk operation av ljumskbr†ck med suturplastik;;31.12.2012
IN;JAB11;;Laparoskopisk operation av ljumskbr†ck med suturplastik;1.1.2013;
OUT;JAB14;;Endoskopisk extraperitoneal operation av ljumskbr†ck med suturplasik;;31.12.2012
IN;JAB14;;Endoskopisk extraperitoneal operation av ljumskbr†ck med suturplasik;1.1.2013;
OUT;JAB20;;™ppen operation av ljumskbr†ck med implantat framf”r bukv„ggens aponeuros (onlay);;31.12.2012
IN;JAB20;;™ppen operation av ljumskbr†ck med implantat framf”r bukv„ggens aponeuros (onlay);1.1.2013;
OUT;JAB30;;™ppen operation av ljumskbr†ck med implantat mellan bukv„ggens muskellager (interstitiell) Lichtenstein m fl;;31.12.2012
IN;JAB30;;™ppen operation av ljumskbr†ck med implantat mellan bukv„ggens muskellager (interstitiell) Lichtenstein m fl;1.1.2013;
OUT;JAB40;;™ppen operation av ljumskbr†ck med implantat bakom bukv„gsmuskeln framf”r bukhinnan (sublay);;31.12.2012
IN;JAB40;;™ppen operation av ljumskbr†ck med implantat bakom bukv„gsmuskeln framf”r bukhinnan (sublay);1.1.2013;
OUT;JAB41;;Laparoskopisk operation av ljumskbr†ck med implantat bakom bukv„gsmuskeln framf”r bukhinnan (sublay) TAPP;;31.12.2012
IN;JAB41;;Laparoskopisk operation av ljumskbr†ck med implantat bakom bukv„gsmuskeln framf”r bukhinnan (sublay) TAPP;1.1.2013;
OUT;JAB44;;Endoskopisk extraperitoneal operation av ljumskbr†ck med implantat bakom bukv„gsmuskeln framf”r bukhinnan (sublay) TEP;;31.12.2012
IN;JAB44;;Endoskopisk extraperitoneal operation av ljumskbr†ck med implantat bakom bukv„gsmuskeln framf”r bukhinnan (sublay) TEP;1.1.2013;
OUT;JAB50;;™ppen operation av ljumskbr†ck med implantat p† bukhinnan intraperitonealt (IPOM);;31.12.2012
IN;JAB50;;™ppen operation av ljumskbr†ck med implantat p† bukhinnan intraperitonealt (IPOM);1.1.2013;
OUT;JAB51;;Laparoskopisk operation av ljumskbr†ck med implantat p† bukhinnan intraperitonealt (IPOM);;31.12.2012
IN;JAB51;;Laparoskopisk operation av ljumskbr†ck med implantat p† bukhinnan intraperitonealt (IPOM);1.1.2013;
OUT;JAB60;;™ppen operation av ljumskbr†ck med implantat i br†ckporten (inlay);;31.12.2012
IN;JAB60;;™ppen operation av ljumskbr†ck med implantat i br†ckporten (inlay);1.1.2013;
OUT;JAB61;;Laparoskopisk operation av ljumskbr†ck med implantat i br†ckporten (inlay);;31.12.2012
IN;JAB61;;Laparoskopisk operation av ljumskbr†ck med implantat i br†ckporten (inlay);1.1.2013;
OUT;JAB70;;™ppen operation av ljumskbr†ck med implantat i flera lager;;31.12.2012
IN;JAB70;;™ppen operation av ljumskbr†ck med implantat i flera lager;1.1.2013;
OUT;JAB71;;Laparoskopisk operation av ljumskbr†ck med implantat i flera lager;;31.12.2012
IN;JAB71;;Laparoskopisk operation av ljumskbr†ck med implantat i flera lager;1.1.2013;
OUT;JAB80;;Annan ”ppen operation av ljumskbr†ck;;31.12.2012
IN;JAB80;;Annan ”ppen operation av ljumskbr†ck;1.1.2013;
OUT;JAB81;;Annan laparoskopisk operation av ljumskbr†ck;;31.12.2012
IN;JAB81;;Annan laparoskopisk operation av ljumskbr†ck;1.1.2013;
OUT;JAB84;;Annan endoskopisk extraperitoneal operation av ljumskbr†ck;;31.12.2012
IN;JAB84;;Annan endoskopisk extraperitoneal operation av ljumskbr†ck;1.1.2013;
OUT;JAC10;;™ppen operation av femoralbr†ck med suturplastik;;31.12.2012
IN;JAC10;;™ppen operation av femoralbr†ck med suturplastik;1.1.2013;
OUT;JAC11;;Laparoskopisk operation av femoralbr†ck med suturplastik;;31.12.2012
IN;JAC11;;Laparoskopisk operation av femoralbr†ck med suturplastik;1.1.2013;
OUT;JAC14;;Endoskopisk operation av femoralbr†ck med extraperitoneal suturplasik;;31.12.2012
IN;JAC14;;Endoskopisk operation av femoralbr†ck med extraperitoneal suturplasik;1.1.2013;
OUT;JAC20;;™ppen operation av femoralbr†ck med implantat framf”r bukv„ggens aponeuros (onlay);;31.12.2012
IN;JAC20;;™ppen operation av femoralbr†ck med implantat framf”r bukv„ggens aponeuros (onlay);1.1.2013;
OUT;JAC30;;™ppen operation av femoralbr†ck med implantat mellan bukv„ggens muskellager (interstitiell) Lichtenstein m fl;;31.12.2012
IN;JAC30;;™ppen operation av femoralbr†ck med implantat mellan bukv„ggens muskellager (interstitiell) Lichtenstein m fl;1.1.2013;
OUT;JAC40;;™ppen operation av femoralbr†ck med implantat bakom bukv„gsmuskeln framf”r bukhinnan (sublay);;31.12.2012
IN;JAC40;;™ppen operation av femoralbr†ck med implantat bakom bukv„gsmuskeln framf”r bukhinnan (sublay);1.1.2013;
OUT;JAC41;;Laparoskopisk operation av femoralbr†ck med implantat bakom bukv„gsmuskeln framf”r bukhinnan (sublay) TAPP;;31.12.2012
IN;JAC41;;Laparoskopisk operation av femoralbr†ck med implantat bakom bukv„gsmuskeln framf”r bukhinnan (sublay) TAPP;1.1.2013;
OUT;JAC44;;Endoskopisk extraperitoneal operation av femoralbr†ck med implantat bakom bukv„gsmuskeln framf”r bukhinnan (sublay) TEP;;31.12.2012
IN;JAC44;;Endoskopisk extraperitoneal operation av femoralbr†ck med implantat bakom bukv„gsmuskeln framf”r bukhinnan (sublay) TEP;1.1.2013;
OUT;JAC50;;™ppen operation av femoralbr†ck med implantat p† bukhinnan intraperitonealt (IPOM);;31.12.2012
IN;JAC50;;™ppen operation av femoralbr†ck med implantat p† bukhinnan intraperitonealt (IPOM);1.1.2013;
OUT;JAC51;;Laparoskopisk operation av femoralbr†ck med implantat p† bukhinnan intraperitonealt (IPOM);;31.12.2012
IN;JAC51;;Laparoskopisk operation av femoralbr†ck med implantat p† bukhinnan intraperitonealt (IPOM);1.1.2013;
OUT;JAC60;;™ppen operation av femoralbr†ck med implantat i br†ckporten (inlay);;31.12.2012
IN;JAC60;;™ppen operation av femoralbr†ck med implantat i br†ckporten (inlay);1.1.2013;
OUT;JAC61;;Laparoskopisk operation av femoralbr†ck med implantat i br†ckporten (inlay);;31.12.2012
IN;JAC61;;Laparoskopisk operation av femoralbr†ck med implantat i br†ckporten (inlay);1.1.2013;
OUT;JAC70;;™ppen operation av femoralbr†ck med implantat i flera lager;;31.12.2012
IN;JAC70;;™ppen operation av femoralbr†ck med implantat i flera lager;1.1.2013;
OUT;JAC71;;Laparoskopisk operation av femoralbr†ck med implantat i flera lager;;31.12.2012
IN;JAC71;;Laparoskopisk operation av femoralbr†ck med implantat i flera lager;1.1.2013;
OUT;JAC80;;Annan ”ppen operation av femoralbr†ck;;31.12.2012
IN;JAC80;;Annan ”ppen operation av femoralbr†ck;1.1.2013;
OUT;JAC81;;Annan laparoskopisk operation av femoralbr†ck;;31.12.2012
IN;JAC81;;Annan laparoskopisk operation av femoralbr†ck;1.1.2013;
OUT;JAC84;;Annan endoskopisk extraperitoneal operation av femoralbr†ck;;31.12.2012
IN;JAC84;;Annan endoskopisk extraperitoneal operation av femoralbr†ck;1.1.2013;
OUT;JAD10;;™ppen operation av „rrbr†ck med suturplastik;;31.12.2012
IN;JAD10;;™ppen operation av „rrbr†ck med suturplastik;1.1.2013;
OUT;JAD11;;Laparoskopisk operation av „rrbr†ck med suturplastik;;31.12.2012
IN;JAD11;;Laparoskopisk operation av „rrbr†ck med suturplastik;1.1.2013;
OUT;JAD13;;™ppen operation av „rrbr†ck med suturplastik och avlastande incision;;31.12.2012
IN;JAD13;;™ppen operation av „rrbr†ck med suturplastik och avlastande incision;1.1.2013;
OUT;JAD20;;™ppen operation av „rrbr†ck med implantat framf”r bukv„ggens aponeuros (onlay);;31.12.2012
IN;JAD20;;™ppen operation av „rrbr†ck med implantat framf”r bukv„ggens aponeuros (onlay);1.1.2013;
OUT;JAD23;;™ppen operation av „rrbr†ck med implantat framf”r bukv„ggens aponeuros (onlay) och avlastande incision;;31.12.2012
IN;JAD23;;™ppen operation av „rrbr†ck med implantat framf”r bukv„ggens aponeuros (onlay) och avlastande incision;1.1.2013;
OUT;JAD30;;™ppen operation av „rrbr†ck med med implantat mellan bukv„ggens muskellager (interstitiell);;31.12.2012
IN;JAD30;;™ppen operation av „rrbr†ck med implantat mellan bukv„ggens muskellager (interstitiell);1.1.2013;
OUT;JAD33;;™ppen operation av „rrbr†ck med med implantat mellan bukv„ggens muskellager (interstitiell) och avlastande incision;;31.12.2012
IN;JAD33;;™ppen operation av „rrbr†ck med implantat mellan bukv„ggens muskellager (interstitiell) och avlastande incision;1.1.2013;
OUT;JAD40;;™ppen operation av „rrbr†ck med implantat bakom bukv„gsmuskeln framf”r bukhinnan (sublay);;31.12.2012
IN;JAD40;;™ppen operation av „rrbr†ck med implantat bakom bukv„gsmuskeln framf”r bukhinnan (sublay);1.1.2013;
OUT;JAD41;;Laparoskopisk operation av „rrbr†ck med implantat bakom bukv„gsmuskeln framf”r bukhinnan (sublay);;31.12.2012
IN;JAD41;;Laparoskopisk operation av „rrbr†ck med implantat bakom bukv„gsmuskeln framf”r bukhinnan (sublay);1.1.2013;
OUT;JAD43;;™ppen operation av „rrbr†ck med implantat bakom bukv„gsmuskeln framf”r bukhinnan (sublay) och avlastande incision;;31.12.2012
IN;JAD43;;™ppen operation av „rrbr†ck med implantat bakom bukv„gsmuskeln framf”r bukhinnan (sublay) och avlastande incision;1.1.2013;
OUT;JAD47;;Laparoskopisk operation av „rrbr†ck med implantat bakom bukv„gsmuskeln framf”r bukhinnan (sublay) och avlastande incision;;31.12.2012
IN;JAD47;;Laparoskopisk operation av „rrbr†ck med implantat bakom bukv„gsmuskeln framf”r bukhinnan (sublay) och avlastande incision;1.1.2013;
OUT;JAD50;;™ppen operation av „rrbr†ck med med implantat p† bukhinnan intraperitonealt (IPOM);;31.12.2012
IN;JAD50;;™ppen operation av „rrbr†ck med implantat p† bukhinnan intraperitonealt (IPOM);1.1.2013;
OUT;JAD51;;Laparoskopisk operation av „rrbr†ck med med implantat p† bukhinnan intraperitonealt (IPOM);;31.12.2012
IN;JAD51;;Laparoskopisk operation av „rrbr†ck med implantat p† bukhinnan intraperitonealt (IPOM);1.1.2013;
OUT;JAD60;;™ppen operation av „rrbr†ck med implantat i br†ckporten (inlay);;31.12.2012
IN;JAD60;;™ppen operation av „rrbr†ck med implantat i br†ckporten (inlay);1.1.2013;
OUT;JAD61;;Laparoskopisk operation av „rrbr†ck med implantat i br†ckporten (inlay);;31.12.2012
IN;JAD61;;Laparoskopisk operation av „rrbr†ck med implantat i br†ckporten (inlay);1.1.2013;
OUT;JAD63;;™ppen operation av „rrbr†ck med implantat i br†ckporten (inlay) och avlastande incision;;31.12.2012
IN;JAD63;;™ppen operation av „rrbr†ck med implantat i br†ckporten (inlay) och avlastande incision;1.1.2013;
OUT;JAD67;;Laparoskopisk operation av „rrbr†ck med implantat i br†ckporten (inlay) och avlastande incision;;31.12.2012
IN;JAD67;;Laparoskopisk operation av „rrbr†ck med implantat i br†ckporten (inlay) och avlastande incision;1.1.2013;
OUT;JAD70;;™ppen operation av „rrbr†ck med implantat i flera lager;;31.12.2012
IN;JAD70;;™ppen operation av „rrbr†ck med implantat i flera lager;1.1.2013;
OUT;JAD71;;Laparoskopisk operation av „rrbr†ck med implantat i flera lager;;31.12.2012
IN;JAD71;;™ppen operation av „rrbr†ck med implantat i flera lager och avlastande incision;1.1.2013;
OUT;JAD73;;™ppen operation av „rrbr†ck med implantat i flera lager och avlastande incision;;31.12.2012
IN;JAD73;;™ppen operation av „rrbr†ck med implantat i flera lager och avlastande incision;1.1.2013;
OUT;JAD80;;Annan ”ppen operation av „rrbr†ck;;31.12.2012
IN;JAD80;;Annan ”ppen operation av „rrbr†ck;1.1.2013;
OUT;JAD81;;Annan laparoskopisk operation av „rrbr†ck;;31.12.2012
IN;JAD81;;Annan laparoskopisk operation av „rrbr†ck;1.1.2013;
OUT;JAD84;;Annan endoskopisk extraperitoneal operation av „rrbr†ck;;31.12.2012
IN;JAD84;;Annan endoskopisk extraperitoneal operation av „rrbr†ck;1.1.2013;
OUT;JAD87;;Annan laparoskopisk operation av „rrbr†ck med avlastande incision;;31.12.2012
IN;JAD87;;Annan laparoskopisk operation av „rrbr†ck med avlastande incision;1.1.2013;
OUT;JAE10;;™ppen operation av epigastricabr†ck med suturplastik;;31.12.2012
IN;JAE10;;™ppen operation av epigastrikabr†ck med suturplastik;1.1.2013;
OUT;JAE11;;Laparoskopisk operation av epigastricabr†ck med suturplastik;;31.12.2012
IN;JAE11;;Laparoskopisk operation av epigastrikabr†ck med suturplastik;1.1.2013;
OUT;JAE20;;™ppen operation av epigastricabr†ck med implantat framf”r bukv„ggens aponeuros (onlay);;31.12.2012
IN;JAE20;;™ppen operation av epigastrikabr†ck med implantat framf”r bukv„ggens aponeuros (onlay);1.1.2013;
OUT;JAE30;;™ppen operation av epigastricabr†ck med med implantat mellan bukv„ggens muskellager (interstitiell);;31.12.2012
IN;JAE30;;™ppen operation av epigastrikabr†ck med implantat mellan bukv„ggens muskellager (interstitiell);1.1.2013;
OUT;JAE40;;™ppen operation av epigastricabr†ck med implantat bakom bukv„gsmuskeln framf”r bukhinnan (sublay);;31.12.2012
IN;JAE40;;™ppen operation av epigastrikabr†ck med implantat bakom bukv„gsmuskeln framf”r bukhinnan (sublay);1.1.2013;
OUT;JAE41;;Laparoskopisk operation av epigastricabr†ck med implantat bakom bukv„gsmuskeln framf”r bukhinnan (sublay);;31.12.2012
IN;JAE41;;Laparoskopisk operation av epigastrikabr†ck med implantat bakom bukv„gsmuskeln framf”r bukhinnan (sublay);1.1.2013;
OUT;JAE50;;™ppen operation av epigastricabr†ck med med implantat p† bukhinnan intraperitonealt (IPOM);;31.12.2012
IN;JAE50;;™ppen operation av epigastrikabr†ck med implantat p† bukhinnan intraperitonealt (IPOM);1.1.2013;
OUT;JAE51;;Laparoskopisk operation av epigastricabr†ck med med implantat p† bukhinnan intraperitonealt (IPOM);;31.12.2012
IN;JAE51;;Laparoskopisk operation av epigastrikabr†ck med implantat p† bukhinnan intraperitonealt (IPOM);1.1.2013;
OUT;JAE60;;™ppen operation av epigastricabr†ck med implantat i br†ckporten (inlay);;31.12.2012
IN;JAE60;;™ppen operation av epigastrikabr†ck med implantat i br†ckporten (inlay);1.1.2013;
OUT;JAE61;;Laparoskopisk operation av epigastricabr†ck med implantat i br†ckporten (inlay);;31.12.2012
IN;JAE61;;Laparoskopisk operation av epigastrikabr†ck med implantat i br†ckporten (inlay);1.1.2013;
OUT;JAE70;;™ppen operation av epigastricabr†ck med implantat i flera lager;;31.12.2012
IN;JAE70;;™ppen operation av epigastrikabr†ck med implantat i flera lager;1.1.2013;
OUT;JAE71;;Laparoskopisk operation av epigastricabr†ck med implantat i flera lager;;31.12.2012
IN;JAE71;;Laparoskopisk operation av epigastrikabr†ck med implantat i flera lager;1.1.2013;
OUT;JAE80;;Annan ”ppen operation av epigastricabr†ck;;31.12.2012
IN;JAE80;;Annan ”ppen operation av epigastrikabr†ck;1.1.2013;
OUT;JAE81;;Annan laparoskopisk operation av epigastricabr†ck;;31.12.2012
IN;JAE81;;Annan laparoskopisk operation av epigastrikabr†ck;1.1.2013;
OUT;JAE84;;Annan endoskopisk extraperitoneal operation av epigastricabr†ck;;31.12.2012
IN;JAE84;;Annan endoskopisk extraperitoneal operation av epigastrikabr†ck;1.1.2013;
OUT;JAF10;;™ppen operation av navelbr†ck med suturplastik;;31.12.2012
IN;JAF10;;™ppen operation av navelbr†ck med suturplastik;1.1.2013;
OUT;JAF11;;Laparoskopisk operation av navelbr†ck med suturplastik;;31.12.2012
IN;JAF11;;Laparoskopisk operation av navelbr†ck med suturplastik;1.1.2013;
OUT;JAF20;;™ppen operation av navelbr†ck med implantat framf”r bukv„ggens aponeuros (onlay);;31.12.2012
IN;JAF20;;™ppen operation av navelbr†ck med implantat framf”r bukv„ggens aponeuros (onlay);1.1.2013;
OUT;JAF30;;™ppen operation av navelbr†ck med med implantat mellan bukv„ggens muskellager (interstitiell);;31.12.2012
IN;JAF30;;™ppen operation av navelbr†ck med implantat mellan bukv„ggens muskellager (interstitiell);1.1.2013;
OUT;JAF40;;™ppen operation av navelbr†ck med implantat bakom bukv„gsmuskeln framf”r bukhinnan (sublay);;31.12.2012
IN;JAF40;;™ppen operation av navelbr†ck med implantat bakom bukv„gsmuskeln framf”r bukhinnan (sublay);1.1.2013;
OUT;JAF41;;Laparoskopisk operation av navelbr†ck med implantat bakom bukv„gsmuskeln framf”r bukhinnan (sublay);;31.12.2012
IN;JAF41;;Laparoskopisk operation av navelbr†ck med implantat bakom bukv„gsmuskeln framf”r bukhinnan (sublay);1.1.2013;
OUT;JAF50;;™ppen operation av navelbr†ck med med implantat p† bukhinnan intraperitonealt (IPOM);;31.12.2012
IN;JAF50;;™ppen operation av navelbr†ck med implantat p† bukhinnan intraperitonealt (IPOM);1.1.2013;
OUT;JAF51;;Laparoskopisk operation av navelbr†ck med med implantat p† bukhinnan intraperitonealt (IPOM);;31.12.2012
IN;JAF51;;Laparoskopisk operation av navelbr†ck med implantat p† bukhinnan intraperitonealt (IPOM);1.1.2013;
OUT;JAF60;;™ppen operation av navelbr†ck med implantat i br†ckporten (inlay);;31.12.2012
IN;JAF60;;™ppen operation av navelbr†ck med implantat i br†ckporten (inlay);1.1.2013;
OUT;JAF61;;Laparoskopisk operation av navelbr†ck med implantat i br†ckporten (inlay);;31.12.2012
IN;JAF61;;Laparoskopisk operation av navelbr†ck med implantat i br†ckporten (inlay);1.1.2013;
OUT;JAF70;;™ppen operation av navelbr†ck med implantat i flera lager;;31.12.2012
IN;JAF70;;™ppen operation av navelbr†ck med implantat i flera lager;1.1.2013;
OUT;JAF71;;Laparoskopisk operation av epigastricabr†ck med implantat i flera lager;;31.12.2012
IN;JAF71;;Laparoskopisk operation av epigastrikabr†ck med implantat i flera lager;1.1.2013;
OUT;JAF80;;Annan ”ppen operation av navelbr†ck;;31.12.2012
IN;JAF80;;Annan ”ppen operation av navelbr†ck;1.1.2013;
OUT;JAF81;;Annan laparoskopisk operation av navelbr†ck;;31.12.2012
IN;JAF81;;Annan laparoskopisk operation av navelbr†ck;1.1.2013;
OUT;JAF84;;Annan endoskopisk extraperitoneal operation av navelbr†ck;;31.12.2012
IN;JAF84;;Annan endoskopisk extraperitoneal operation av navelbr†ck;1.1.2013;
OUT;JAG10;;™ppen operation av andra bukv„ggsbr†ck och defekter med suturplastik;;31.12.2012
IN;JAG10;;™ppen operation av andra bukv„ggsbr†ck och defekter med suturplastik;1.1.2013;
OUT;JAG11;;Laparoskopisk operation av andra bukv„ggsbr†ck och defekter med suturplastik;;31.12.2012
IN;JAG11;;Laparoskopisk operation av andra bukv„ggsbr†ck och defekter med suturplastik;1.1.2013;
OUT;JAG20;;™ppen operation av andra bukv„ggsbr†ck och defekter med implantat framf”r bukv„ggens aponeuros (onlay);;31.12.2012
IN;JAG20;;™ppen operation av andra bukv„ggsbr†ck och defekter med implantat framf”r bukv„ggens aponeuros (onlay);1.1.2013;
OUT;JAG30;;™ppen operation av andra bukv„ggsbr†ck och defekter med med implantat mellan bukv„ggens muskellager (interstitiell);;31.12.2012
IN;JAG30;;™ppen operation av andra bukv„ggsbr†ck och defekter med implantat mellan bukv„ggens muskellager (interstitiell);1.1.2013;
OUT;JAG40;;™ppen operation av andra bukv„ggsbr†ck och defekter med implantat bakom bukv„gsmuskeln framf”r bukhinnan (sublay);;31.12.2012
IN;JAG40;;™ppen operation av andra bukv„ggsbr†ck och defekter med implantat bakom bukv„gsmuskeln framf”r bukhinnan (sublay);1.1.2013;
OUT;JAG41;;Laparoskopisk operationav andra bukv„ggsbr†ck och defekter med implantat bakom bukv„gsmuskeln framf”r bukhinnan (sublay);;31.12.2012
IN;JAG41;;Laparoskopisk operationav andra bukv„ggsbr†ck och defekter med implantat bakom bukv„gsmuskeln framf”r bukhinnan (sublay);1.1.2013;
OUT;JAG50;;™ppen operation av andra bukv„ggsbr†ck och defekter med med implantat p† bukhinnan intraperitonealt (IPOM);;31.12.2012
IN;JAG50;;™ppen operation av andra bukv„ggsbr†ck och defekter med implantat p† bukhinnan intraperitonealt (IPOM);1.1.2013;
OUT;JAG51;;Laparoskopisk operation av andra bukv„ggsbr†ck och defekter med med implantat p† bukhinnan intraperitonealt (IPOM);;31.12.2012
IN;JAG51;;Laparoskopisk operation av andra bukv„ggsbr†ck och defekter med implantat p† bukhinnan intraperitonealt (IPOM);1.1.2013;
OUT;JAG60;;™ppen operation av andra bukv„ggsbr†ck och defekter med implantat i br†ckporten (inlay);;31.12.2012
IN;JAG60;;™ppen operation av andra bukv„ggsbr†ck och defekter med implantat i br†ckporten (inlay);1.1.2013;
OUT;JAG61;;Laparoskopisk operation av andra bukv„ggsbr†ck och defekter med implantat i br†ckporten (inlay);;31.12.2012
IN;JAG61;;Laparoskopisk operation av andra bukv„ggsbr†ck och defekter med implantat i br†ckporten (inlay);1.1.2013;
OUT;JAG70;;™ppen operation av andra bukv„ggsbr†ck och defekter med implantat i flera lager;;31.12.2012
IN;JAG70;;™ppen operation av andra bukv„ggsbr†ck och defekter med implantat i flera lager;1.1.2013;
OUT;JAG71;;Laparoskopisk operation av andra bukv„ggsbr†ck och defektermed implantat i flera lager;;31.12.2012
IN;JAG71;;Laparoskopisk operation av andra bukv„ggsbr†ck och defekter med implantat i flera lager;1.1.2013;
OUT;JAG80;;Annan ”ppen operation av andra bukv„ggsbr†ck och defekter;;31.12.2012
IN;JAG80;;Annan ”ppen operation av andra bukv„ggsbr†ck och defekter;1.1.2013;
OUT;JAG81;;Annan laparoskopisk operation av andra bukv„ggsbr†ck och defekter;;31.12.2012
IN;JAG81;;Annan laparoskopisk operation av andra bukv„ggsbr†ck och defekter;1.1.2013;
OUT;JAG84;;Annan endoskopisk extraperitoneal operation av andra bukv„ggsbr†ck och defekter;;31.12.2012
IN;JAG84;;Annan endoskopisk extraperitoneal operation av andra bukv„ggsbr†ck och defekter;1.1.2013;
OUT;JAH30;;Anl„ggande av ”ppen buk, (laparostomi);;31.12.2012
IN;JAH30;;Anl„ggande av ”ppen buk, (laparostomi);1.1.2013;
OUT;JAH33;;Revision av ”ppen buk (laparostomi);;31.12.2012
IN;JAH33;;Revision av ”ppen buk (laparostomi);1.1.2013;
OUT;JAR10;;™ppen operation av stomibr†ck med suturplastik;;31.12.2012
IN;JAR10;;™ppen operation av stomibr†ck med suturplastik;1.1.2013;
OUT;JAR11;;Laparoskopisk operation av stomibr†ck med suturplastik;;31.12.2012
IN;JAR11;;Laparoskopisk operation av stomibr†ck med suturplastik;1.1.2013;
OUT;JAR20;;™ppen operation av stomibr†ck med implantat framf”r bukv„ggens aponeuros (onlay);;31.12.2012
IN;JAR20;;™ppen operation av stomibr†ck med implantat framf”r bukv„ggens aponeuros (onlay);1.1.2013;
OUT;JAR30;;™ppen operation av stomibr†ck med med implantat mellan bukv„ggens muskellager (interstitiell);;31.12.2012
IN;JAR30;;™ppen operation av stomibr†ck med implantat mellan bukv„ggens muskellager (interstitiell);1.1.2013;
OUT;JAR40;;™ppen operation av stomibr†ck med implantat bakom bukv„gsmuskeln framf”r bukhinnan (sublay);;31.12.2012
IN;JAR40;;™ppen operation av stomibr†ck med implantat bakom bukv„gsmuskeln framf”r bukhinnan (sublay);1.1.2013;
OUT;JAR41;;Laparoskopisk operation av stomibr†ck  med implantat bakom bukv„gsmuskeln framf”r bukhinnan (sublay);;31.12.2012
IN;JAR41;;Laparoskopisk operation av stomibr†ck  med implantat bakom bukv„gsmuskeln framf”r bukhinnan (sublay);1.1.2013;
OUT;JAR50;;™ppen operation av stomibr†ck  med med implantat p† bukhinnan intraperitonealt (IPOM);;31.12.2012
IN;JAR50;;™ppen operation av stomibr†ck med implantat p† bukhinnan intraperitonealt (IPOM);1.1.2013;
OUT;JAR51;;Laparoskopisk operation av stomibr†ck  med med implantat p† bukhinnan intraperitonealt (IPOM);;31.12.2012
IN;JAR51;;Laparoskopisk operation av stomibr†ck med implantat p† bukhinnan intraperitonealt (IPOM);1.1.2013;
OUT;JAR60;;™ppen operation av stomibr†ck  med implantat i br†ckporten (inlay);;31.12.2012
IN;JAR60;;™ppen operation av stomibr†ck  med implantat i br†ckporten (inlay);1.1.2013;
OUT;JAR61;;Laparoskopisk operation av stomibr†ck med implantat i br†ckporten (inlay);;31.12.2012
IN;JAR61;;Laparoskopisk operation av stomibr†ck med implantat i br†ckporten (inlay);1.1.2013;
OUT;JAR70;;™ppen operation av stomibr†ck med implantat i flera lager;;31.12.2012
IN;JAR70;;™ppen operation av stomibr†ck med implantat i flera lager;1.1.2013;
OUT;JAR71;;Laparoskopisk operation av stomibr†ck med implantat i flera lager;;31.12.2012
IN;JAR71;;Laparoskopisk operation av stomibr†ck med implantat i flera lager;1.1.2013;
OUT;JAR80;;Annan ”ppen operation av stomibr†ck;;31.12.2012
IN;JAR80;;Annan ”ppen operation av stomibr†ck;1.1.2013;
OUT;JAR81;;Annan laparoskopisk operation av stomibr†ck;;31.12.2012
IN;JAR81;;Annan laparoskopisk operation av stomibr†ck;1.1.2013;
OUT;JAS10;;™ppen operation av intraabdominellt br†ck med suturplastik;;31.12.2012
IN;JAS10;;™ppen operation av intraabdominellt br†ck med suturplastik;1.1.2013;
OUT;JAS11;;Laparoskopisk operation av intraabdominellt br†ck med suturplastik;;31.12.2012
IN;JAS11;;Laparoskopisk operation av intraabdominellt br†ck med suturplastik;1.1.2013;
OUT;JAS80;;Annan ”ppen operation av intraabdominellt br†ck;;31.12.2012
IN;JAS80;;Annan ”ppen operation av intraabdominellt br†ck;1.1.2013;
OUT;JAS81;;Annan laparoskopisk operation av intraabdominellt br†ck;;31.12.2012
IN;JAS81;;Annan laparoskopisk operation av intraabdominellt br†ck;1.1.2013;
OUT;JFH31;;Laparoskopisk kolectomi, „ndtarmsexcision och ileoanal anastomos utan ileostomi Med eller utan skapande av ileoanal reservoar;;31.12.2012
IN;JFH31;;Laparoskopisk kolectomi, „ndtarmsexcision och ileoanal anastomos utan ileostomi Med eller utan skapande av ileoanal reservoar;1.1.2013;
OUT;JFL11;;Laparoskopisk reponering eller manipulation av obstruerad tarm;;31.12.2012
IN;JFL11;;Laparoskopisk reponering eller manipulation av obstruerad tarm;1.1.2013;
OUT;JGB61;;Laparoskopisk excision av „ndtarmen och ileoanal anastomos efter tidigare kolektomi;;31.12.2012
IN;JGB61;;Laparoskopisk excision av „ndtarmen och ileoanal anastomos efter tidigare kolektomi;1.1.2013;
OUT;JHC60;;Transanal submuk”s eller intersfinkterisk injektion f”r behandling av inkontinens;;31.12.2012
IN;JHC60;;Transanal submuk”s eller intersfinkterisk injektion f”r behandling av inkontinens;1.1.2013;
OUT;JHD50;;Excision av analfistel med advancement flap av mukosa;;31.12.2012
IN;JHD50;;Excision av analfistel med advancement flap av mukosa;1.1.2013;
OUT;JHD60;;Ocklusion av analfistel med kollagenplugg;;31.12.2012
IN;JHD60;;Ocklusion av analfistel med kollagenplugg;1.1.2013;
OUT;JHD63;;Ocklusion av analfistel med fibrin;;31.12.2012
IN;JHD63;;Ocklusion av analfistel med fibrin;1.1.2013;
OUT;JLC11;;Laparoskopisk distal pankreatektomi;;31.12.2012
IN;JLC11;;Laparoskopisk distal pankreatektomi;1.1.2013;
OUT;JXA00;;Intralesionell excision av omfattande tum”r i bukv„gg (utan definierat ursprung i avsnitt JA);;31.12.2012
IN;JXA00;;Intralesionell excision av omfattande tum”r i bukv„gg (utan definierat ursprung i avsnitt JA);1.1.2013;
OUT;JXA03;;Marginell excision av omfattande tum”r i bukv„gg (utan definierat ursprung i avsnitt JA);;31.12.2012
IN;JXA03;;Marginell excision av omfattande tum”r i bukv„gg (utan definierat ursprung i avsnitt JA);1.1.2013;
OUT;JXA06;;Utvidgad excision av omfattande tum”r i bukv„gg (utan definierat ursprung i avsnitt JA);;31.12.2012
IN;JXA06;;Utvidgad excision av omfattande tum”r i bukv„gg (utan definierat ursprung i avsnitt JA);1.1.2013;
OUT;JXA10;;Intralesionell excision av omfattande tum”r i bukh†lan (utan definierat ursprung i kapitel J p† avsnittsniv†);;31.12.2012
IN;JXA10;;Intralesionell excision av omfattande tum”r i bukh†lan (utan definierat ursprung i kapitel J p† avsnittsniv†);1.1.2013;
OUT;JXA13;;Marginell excision av omfattande tum”r i bukh†lan (utan definierat ursprung i kapitel J p† avsnittsniv†);;31.12.2012
IN;JXA13;;Marginell excision av omfattande tum”r i bukh†lan (utan definierat ursprung i kapitel J p† avsnittsniv†);1.1.2013;
OUT;JXA16;;Utvidgad excision av omfattande tum”r i bukh†lan (utan definierat ursprung i kapitel J p† avsnittsniv†);;31.12.2012
IN;JXA16;;Utvidgad excision av omfattande tum”r i bukh†lan (utan definierat ursprung i kapitel J p† avsnittsniv†);1.1.2013;
OUT;LAA20;;Perkutan eller transvaginal injektion av l„kemedel f”r behandling av ovarialgraviditet;;31.12.2012
IN;LAA20;;Perkutan eller transvaginal injektion av l„kemedel f”r behandling av ovarialgraviditet;1.1.2013;
OUT;LBC00;;Perkutan injektion av l„kemedel f”r behandling av tubargraviditet;;31.12.2012
IN;LBC00;;Perkutan injektion av l„kemedel f”r behandling av tubargraviditet;1.1.2013;
OUT;LBC03;;Transvaginal injektion av l„kemedel f”r behandling av tubargraviditet;;31.12.2012
IN;LBC03;;Transvaginal injektion av l„kemedel f”r behandling av tubargraviditet;1.1.2013;
OUT;LBC07;;Laparoskopisk injektion av l„kemedel f”r behandling av tubargraviditet;;31.12.2012
IN;LBC07;;Laparoskopisk injektion av l„kemedel f”r behandling av tubargraviditet;1.1.2013;
OUT;LBC08;;Falloposkopisk eller hysteroskopisk injektion av l„kemedel f”r behandling av tubargraviditet;;31.12.2012
IN;LBC08;;Falloposkopisk eller hysteroskopisk injektion av l„kemedel f”r behandling av tubargraviditet;1.1.2013;
OUT;NAA10;;Perkutan eller sluten exploration av led i rygg eller nacke;;31.12.2012
IN;NAA10;;Deleted 2012/12/31 - Perkutan eller sluten exploration av led i rygg eller nacke;1.1.2013;
OUT;NAS49;;Incision och debridering vid septisk spondylartrit med implantation av l„kemedel;;31.12.2012
IN;NAS49;;Incision och debridering vid septisk spondylartrit med implantation av l„kemedel;1.1.2013;
OUT;NAS59;;Incision och debridering vid osteit i kotpelare med implantation av l„kemedel;;31.12.2012
IN;NAS59;;Incision och debridering vid osteit i kotpelare med implantation av l„kemedel;1.1.2013;
OUT;NBA10;;Perkutan exploration av axelled eller ”verarm;;31.12.2012
IN;NBA10;;Deleted 2012/12/31 - Perkutan exploration av axelled eller ”verarm;1.1.2013;
OUT;NBE10;;Perkutan eller sluten transcision eller excision av ligament i axel;;31.12.2012
IN;NBE10;;Deleted 2012/12/31 - Perkutan eller sluten transcision eller excision av ligament i axel;1.1.2013;
OUT;NBE20;;Perkutan eller sluten sutur eller replantation av ligament i axel;;31.12.2012
IN;NBE20;;Deleted 2012/12/31 - Perkutan eller sluten sutur eller replantation av ligament i axel;1.1.2013;
OUT;NBE30;;Perkutan eller sluten transposition av ligament i axel;;31.12.2012
IN;NBE30;;Deleted 2012/12/31 - Perkutan eller sluten transposition av ligament i axel;1.1.2013;
OUT;NBE40;;Perkutan eller sluten rekonstruktion av ligament i axel utan fr„mmande material;;31.12.2012
IN;NBE40;;Deleted 2012/12/31 - Perkutan eller sluten rekonstruktion av ligament i axel utan fr„mmande material;1.1.2013;
OUT;NBE50;;Perkutan eller sluten rekonstruktion av ligament i axel med fr„mmande material;;31.12.2012
IN;NBE50;;Deleted 2012/12/31 - Perkutan eller sluten rekonstruktion av ligament i axel med fr„mmande material;1.1.2013;
OUT;NBF00;;Perkutan eller sluten total synovektomi i humeroskapularled;;31.12.2012
IN;NBF00;;Deleted 2012/12/31 - Perkutan eller sluten total synovektomi i humeroskapularled;1.1.2013;
OUT;NBF30;;Perkutan eller sluten partiell excision av brosk i humeroskapularled;;31.12.2012
IN;NBF30;;Deleted 2012/12/31 - Perkutan eller sluten partiell excision av brosk i humeroskapularled;1.1.2013;
OUT;NBH50;;Perkutan eller sluten excision av intraartikul„r exostos eller osteofyt i humeroskapularled;;31.12.2012
IN;NBH50;;Deleted 2012/12/31 - Perkutan eller sluten excision av intraartikul„r exostos eller osteofyt i humeroskapularled;1.1.2013;
OUT;NBQ39;;Implantation av benf”rankrat transkutant implantat, humerus;;31.12.2012
IN;NBQ39;;Implantation av benf”rankrat transkutant implantat, humerus;1.1.2013;
OUT;NBQ49;;Implantation p† amputationsstump, humerus;;31.12.2012
IN;NBQ49;;Implantation p† amputationsstump, humerus;1.1.2013;
OUT;NBS39;;Incision och debridering vid mjukdelsinfektion i axel eller ”verarm med implantation av l„kemedel;;31.12.2012
IN;NBS39;;Incision och debridering vid mjukdelsinfektion i axel eller ”verarm med implantation av l„kemedel;1.1.2013;
OUT;NBS49;;Incision och debridering vid septisk artrit i skulderled med implantation av l„kemedel;;31.12.2012
IN;NBS49;;Incision och debridering vid septisk artrit i skulderled med implantation av l„kemedel;1.1.2013;
OUT;NBS59;;Incision och debridering vid osteit i axel eller ”verarm med implantation av l„kemedel;;31.12.2012
IN;NBS59;;Incision och debridering vid osteit i axel eller ”verarm med implantation av l„kemedel;1.1.2013;
OUT;NCA10;;Perkutan eller sluten exploration av armb†gsled eller underarm;;31.12.2012
IN;NCA10;;Deleted 2012/12/31 - Perkutan eller sluten exploration av armb†gsled eller underarm;1.1.2013;
OUT;NCE00;;Perkutan eller sluten incision i eller sutur av kapsel av armb†gsled;;31.12.2012
IN;NCE00;;Deleted 2012/12/31 - Perkutan eller sluten incision i eller sutur av kapsel av armb†gsled;1.1.2013;
OUT;NCE10;;Perkutan eller sluten transcision eller excision av ligament i armb†gsled;;31.12.2012
IN;NCE10;;Deleted 2012/12/31 - Perkutan eller sluten transcision eller excision av ligament i armb†gsled;1.1.2013;
OUT;NCE20;;Perkutan eller sluten sutur eller replantation av ligament i armb†gsled;;31.12.2012
IN;NCE20;;Deleted 2012/12/31 - Perkutan eller sluten sutur eller replantation av ligament i armb†gsled;1.1.2013;
OUT;NCE30;;Perkutan eller sluten transposition av ligament i armb†gsled;;31.12.2012
IN;NCE30;;Deleted 2012/12/31 - Perkutan eller sluten transposition av ligament i armb†gsled;1.1.2013;
OUT;NCE40;;Perkutan eller sluten rekonstruktion av ligament i armb†gsled utan fr„mmande material;;31.12.2012
IN;NCE40;;Deleted 2012/12/31 - Perkutan eller sluten rekonstruktion av ligament i armb†gsled utan fr„mmande material;1.1.2013;
OUT;NCE50;;Perkutan eller sluten rekonstruktion av ligament i armb†gsled med fr„mmande material;;31.12.2012
IN;NCE50;;Deleted 2012/12/31 - Perkutan eller sluten rekonstruktion av ligament i armb†gsled med fr„mmande material;1.1.2013;
OUT;NCE90;;Annan perkutan eller sluten operation p† ledkapsel eller ledband i armb†gsled;;31.12.2012
IN;NCE90;;Deleted 2012/12/31 - Annan perkutan eller sluten operation p† ledkapsel eller ledband i armb†gsled;1.1.2013;
OUT;NCF00;;Perkutan eller sluten total synovektomi i armb†gsled;;31.12.2012
IN;NCF00;;Deleted 2012/12/31 - Perkutan eller sluten total synovektomi i armb†gsled;1.1.2013;
OUT;NCF10;;Perkutan eller sluten partiell synovektomi i armb†gsled;;31.12.2012
IN;NCF10;;Deleted 2012/12/31 - Perkutan eller sluten partiell synovektomi i armb†gsled;1.1.2013;
OUT;NCF30;;Perkutan eller sluten partiell excision av brosk i armb†gsled;;31.12.2012
IN;NCF30;;Deleted 2012/12/31 - Perkutan eller sluten partiell excision av brosk i armb†gsled;1.1.2013;
OUT;NCH50;;Perkutan eller sluten excision av intraartikul„r exostos eller osteofyt i armb†gsled;;31.12.2012
IN;NCH50;;Deleted 2012/12/31 - Perkutan eller sluten excision av intraartikul„r exostos eller osteofyt i armb†gsled;1.1.2013;
OUT;NCH70;;Perkutan eller sluten operation f”r recidiverande luxation av armb†gsled;;31.12.2012
IN;NCH70;;Deleted 2012/12/31 - Perkutan eller sluten operation f”r recidiverande luxation av armb†gsled;1.1.2013;
OUT;NCS39;;Incision och debridering vid mjukdelsinfektion i underarm med implantation av l„kemedel;;31.12.2012
IN;NCS39;;Incision och debridering vid mjukdelsinfektion i underarm med implantation av l„kemedel;1.1.2013;
OUT;NCS49;;Incision och debridering vid septisk artrit i armb†gsled med implantation av l„kemedel;;31.12.2012
IN;NCS49;;Incision och debridering vid septisk artrit i armb†gsled med implantation av l„kemedel;1.1.2013;
OUT;NCS59;;Incision och debridering vid osteit i armb†ge eller underarm med implantation av l„kemedel;;31.12.2012
IN;NCS59;;Incision och debridering vid osteit i armb†ge eller underarm med implantation av l„kemedel;1.1.2013;
OUT;NDE40;;Perkutan eller sluten rekonstruktion av ligament i handens leder utan fr„mmande material;;31.12.2012
IN;NDE40;;Deleted 2012/12/31 - Perkutan eller sluten rekonstruktion av ligament i handens leder utan fr„mmande material;1.1.2013;
IN;NDE40;;Deleted 2012/12/31 - Perkutan eller sluten rekonstruktion av ligament i handens leder med fr„mmande material;1.1.2013;
OUT;NDE50;;Perkutan eller sluten rekonstruktion av ligament i handens leder med fr„mmande material;;31.12.2012
OUT;NDF00;;Perkutan eller sluten total synovektomi i hand- eller fingerled;;31.12.2012
IN;NDF00;;Deleted 2012/12/31 - Perkutan eller sluten total synovektomi i hand- eller fingerled;1.1.2013;
OUT;NDF10;;Perkutan eller sluten partiell synovektomi i hand- eller fingerled;;31.12.2012
IN;NDF10;;Deleted 2012/12/31 - Perkutan eller sluten partiell synovektomi i hand- eller fingerled;1.1.2013;
OUT;NDF19;;Partiell synovektomi i hand- eller fingerled, ospecificerad;;31.12.2012
IN;NDF19;;Deleted 2012/12/31 - Partiell synovektomi i hand- eller fingerled, ospecificerad;1.1.2013;
OUT;NDF29;;Fixation av ledytefragment i hand- eller fingerled, ospecificerad;;31.12.2012
IN;NDF29;;Deleted 2012/12/31 - Fixation av ledytefragment i hand- eller fingerled, ospecificerad;1.1.2013;
OUT;NDF39;;Partiell excision av brosk i hand- eller fingerled, ospecificerad;;31.12.2012
IN;NDF39;;Deleted 2012/12/31 - Partiell excision av brosk i hand- eller fingerled, ospecificerad;1.1.2013;
OUT;NDF99;;Annan operation p† ledhinnor eller ledytor i hand- eller fingerled, ospecificerad;;31.12.2012
IN;NDF99;;Deleted 2012/12/31 - Annan operation p† ledhinnor eller ledytor i hand- eller fingerled, ospecificerad;1.1.2013;
OUT;NDH50;;Perkutan eller sluten excision av intraartikul„r exostos eller osteofyt i hand- eller fingerled;;31.12.2012
IN;NDH50;;Deleted 2012/12/31 - Perkutan eller sluten excision av intraartikul„r exostos eller osteofyt i hand- eller fingerled;1.1.2013;
OUT;NDH70;;Perkutan eller sluten operation f”r recidiverande luxation av hand- eller fingerled;;31.12.2012
IN;NDH70;;Deleted 2012/12/31 - Perkutan eller sluten operation f”r recidiverande luxation av hand- eller fingerled;1.1.2013;
OUT;NDH90;;Annan perkutan eller sluten operation p† handled eller hand;;31.12.2012
IN;NDH90;;Deleted 2012/12/31 - Annan perkutan eller sluten operation p† handled eller hand;1.1.2013;
OUT;NDS39;;Incision och debridering vid mjukdelsinfektion i handled eller hand med implantation av l„kemedel;;31.12.2012
IN;NDS39;;Incision och debridering vid mjukdelsinfektion i handled eller hand med implantation av l„kemedel;1.1.2013;
OUT;NDS49;;Incision och debridering vid septisk artrit i handled eller hand med implantation av l„kemedel;;31.12.2012
IN;NDS49;;Incision och debridering vid septisk artrit i handled eller hand med implantation av l„kemedel;1.1.2013;
OUT;NDS59;;Incision och debridering vid osteit i hand med implantation av l„kemedel;;31.12.2012
IN;NDS59;;Incision och debridering vid osteit i hand med implantation av l„kemedel;1.1.2013;
OUT;NEA00;;Exploration av mjukdelar i b„ckenet, perkutan;;31.12.2012
IN;NEA00;;Deleted 2012/12/31 - Exploration av mjukdelar i b„ckenet, perkutan;1.1.2013;
OUT;NEA10;;Exploration av b„ckenled, perkutan;;31.12.2012
IN;NEA10;;Deleted 2012/12/31 - Exploration av b„ckenled, perkutan;1.1.2013;
OUT;NES49;;Incision och debridering vid septisk artrit i b„ckenled med implantation av l„kemedel;;31.12.2012
IN;NES49;;Incision och debridering vid septisk artrit i b„ckenled med implantation av l„kemedel;1.1.2013;
OUT;NES59;;Incision och debridering vid osteit i b„ckenet med implantation av l„kemedel;;31.12.2012
IN;NES59;;Incision och debridering vid osteit i b„ckenet med implantation av l„kemedel;1.1.2013;
OUT;NFE99;;Operation p† ledkapslar eller ligament i h”ftled, ospecificerad;;31.12.2012
IN;NFE99;;Deleted 2012/12/31 - Operation p† ledkapslar eller ligament i h”ftled, ospecificerad;1.1.2013;
OUT;NFF00;;Perkutan eller sluten total synovektomi i h”ftled;;31.12.2012
IN;NFF00;;Deleted 2012/12/31 - Perkutan eller sluten total synovektomi i h”ftled;1.1.2013;
OUT;NFF10;;Perkutan eller sluten partiell synovektomi i h”ftled;;31.12.2012
IN;NFF10;;Deleted 2012/12/31 - Perkutan eller sluten partiell synovektomi i h”ftled;1.1.2013;
OUT;NFF30;;Perkutan eller sluten partiell excision av ledbrosk i h”ftled;;31.12.2012
IN;NFF30;;Deleted 2012/12/31 - Perkutan eller sluten partiell excision av ledbrosk i h”ftled;1.1.2013;
OUT;NFF90;;Annan perkutan eller sluten operation p† ledhinnor eller ledytor i h”ftled;;31.12.2012
IN;NFF90;;Deleted 2012/12/31 - Annan perkutan eller sluten operation p† ledhinnor eller ledytor i h”ftled;1.1.2013;
OUT;NFH50;;Perkutan eller sluten excision av intraartikul„r exostos eller osteofyt i h”ftled;;31.12.2012
IN;NFH50;;Deleted 2012/12/31 - Perkutan eller sluten excision av intraartikul„r exostos eller osteofyt i h”ftled;1.1.2013;
OUT;NFQ39;;Implantation av benf”rankrat transkutant implantat i l†rbenet;;31.12.2012
IN;NFQ39;;Implantation av benf”rankrat transkutant implantat i l†rbenet;1.1.2013;
OUT;NFQ49;;Implantation p† amputationsstump, i l†rbenet;;31.12.2012
IN;NFQ49;;Implantation p† amputationsstump, i l†rbenet;1.1.2013;
OUT;NFS39;;Incision och debridering vid mjukdelsinfektion i h”ft eller l†r med implantation av l„kemedel;;31.12.2012
IN;NFS39;;Incision och debridering vid mjukdelsinfektion i h”ft eller l†r med implantation av l„kemedel;1.1.2013;
OUT;NFS49;;Incision och debridering vid septisk artrit i h”ftled med implantation av l„kemedel;;31.12.2012
IN;NFS49;;Incision och debridering vid septisk artrit i h”ftled med implantation av l„kemedel;1.1.2013;
OUT;NFS59;;Incision och debridering vid osteit i femur med implantation av l„kemedel;;31.12.2012
IN;NFS59;;Incision och debridering vid osteit i femur med implantation av l„kemedel;1.1.2013;
OUT;NGD00;;Perkutan eller sluten total excision av menisk i kn„led;;31.12.2012
IN;NGD00;;Deleted 2012/12/31 - Perkutan eller sluten total excision av menisk i kn„led;1.1.2013;
OUT;NGE19;;Transcision eller excision av ligament i kn„led, ospecificerad;;31.12.2012
IN;NGE19;;Deleted 2012/12/31 - Transcision eller excision av ligament i kn„led, ospecificerad;1.1.2013;
OUT;NGE29;;Sutur eller replantation av ligament i kn„led, ospecificerad;;31.12.2012
IN;NGE29;;Deleted 2012/12/31 - Sutur eller replantation av ligament i kn„led, ospecificerad;1.1.2013;
OUT;NGE30;;Perkutan eller sluten transposition av ligament i kn„led;;31.12.2012
IN;NGE30;;Deleted 2012/12/31 - Perkutan eller sluten transposition av ligament i kn„led;1.1.2013;
OUT;NGE40;;Perkutan eller sluten rekonstruktion av ligament i kn„led utan fr„mmande material;;31.12.2012
IN;NGE40;;Deleted 2012/12/31 - Perkutan eller sluten rekonstruktion av ligament i kn„led utan fr„mmande material;1.1.2013;
OUT;NGE50;;Perkutan eller sluten rekonstruktion av ligament i kn„led med fr„mmande material;;31.12.2012
IN;NGE50;;Deleted 2012/12/31 - Perkutan eller sluten rekonstruktion av ligament i kn„led med fr„mmande material;1.1.2013;
OUT;NGE59;;Rekonstruktion av ligament i kn„led med fr„mmande material, ospecificerad;;31.12.2012
IN;NGE59;;Deleted 2012/12/31 - Rekonstruktion av ligament i kn„led med fr„mmande material, ospecificerad;1.1.2013;
OUT;NGF00;;Perkutan eller sluten total synovektomi i kn„led;;31.12.2012
IN;NGF00;;Deleted 2012/12/31 - Perkutan eller sluten total synovektomi i kn„led;1.1.2013;
OUT;NGF90;;Annan perkutan eller sluten operation p† ledhinnor eller ledytor i kn„led;;31.12.2012
IN;NGF90;;Deleted 2012/12/31 - Annan perkutan eller sluten operation p† ledhinnor eller ledytor i kn„led;1.1.2013;
OUT;NGH50;;Perkutan eller sluten excision av intraartikul„r exostos eller osteofyt i kn„led;;31.12.2012
IN;NGH50;;Deleted 2012/12/31 - Perkutan eller sluten excision av intraartikul„r exostos eller osteofyt i kn„led;1.1.2013;
OUT;NGH70;;Perkutan eller sluten operation f”r recidiverande luxation i kn„led;;31.12.2012
IN;NGH70;;Deleted 2012/12/31 - Perkutan eller sluten operation f”r recidiverande luxation i kn„led;1.1.2013;
OUT;NGS39;;Incision och debridering vid mjukdelsinfektion i kn„ eller underben med implantation av l„kemedel;;31.12.2012
IN;NGS39;;Incision och debridering vid mjukdelsinfektion i kn„ eller underben med implantation av l„kemedel;1.1.2013;
OUT;NGS49;;Incision och debridering vid septisk artrit i kn„led med implantation av l„kemedel;;31.12.2012
IN;NGS49;;Incision och debridering vid septisk artrit i kn„led med implantation av l„kemedel;1.1.2013;
OUT;NGS59;;Incision och debridering vid osteit i kn„ eller underben med implantation av l„kemedel;;31.12.2012
IN;NGS59;;Incision och debridering vid osteit i kn„ eller underben med implantation av l„kemedel;1.1.2013;
OUT;NHE10;;Perkutan eller sluten transcision eller excision av ligament i fotled eller fot;;31.12.2012
IN;NHE10;;Deleted 2012/12/31 - Perkutan eller sluten transcision eller excision av ligament i fotled eller fot;1.1.2013;
OUT;NHE30;;Perkutan eller sluten transposition av ligament i fotled eller fot;;31.12.2012
IN;NHE30;;Deleted 2012/12/31 - Perkutan eller sluten transposition av ligament i fotled eller fot;1.1.2013;
OUT;NHF00;;Perkutan eller sluten total synovektomi i fotled eller fot;;31.12.2012
IN;NHF00;;Deleted 2012/12/31 - Perkutan eller sluten total synovektomi i fotled eller fot;1.1.2013;
OUT;NHF90;;Annan perkutan eller sluten operation p† ledhinnor eller ledytor i fotled eller fot;;31.12.2012
IN;NHF90;;Deleted 2012/12/31 - Annan perkutan eller sluten operation p† ledhinnor eller ledytor i fotled eller fot;1.1.2013;
OUT;NHH50;;Perkutan eller sluten excision av intraartikul„r exostos eller osteofyt i fotled eller fot;;31.12.2012
IN;NHH50;;Deleted 2012/12/31 - Perkutan eller sluten excision av intraartikul„r exostos eller osteofyt i fotled eller fot;1.1.2013;
OUT;NHH70;;Perkutan eller sluten operation f”r recidiverande luxation i fotens leder;;31.12.2012
IN;NHH70;;Deleted 2012/12/31 - Perkutan eller sluten operation f”r recidiverande luxation i fotens leder;1.1.2013;
OUT;NHS39;;Incision och debridering vid mjukdelsinfektion i fotled eller fot med implantation av l„kemedel;;31.12.2012
IN;NHS39;;Incision och debridering vid mjukdelsinfektion i fotled eller fot med implantation av l„kemedel;1.1.2013;
OUT;NHS49;;Incision och debridering vid septisk artrit i fotled eller fot med implantation av l„kemedel;;31.12.2012
IN;NHS49;;Incision och debridering vid septisk artrit i fotled eller fot med implantation av l„kemedel;1.1.2013;
OUT;NHS59;;Incision och debridering vid osteit i fot med implantation av l„kemedel;;31.12.2012
IN;NHS59;;Incision och debridering vid osteit i fot med implantation av l„kemedel;1.1.2013;
OUT;PAT30;;Injektion av l„kemedel i eller perkutan ocklusion av a subclavia;;31.12.2012
IN;PAT30;;Injektion av l„kemedel i eller perkutan ocklusion av a subclavia;1.1.2013;
OUT;PAT99;;Injektion av l„kemedel i eller perkutan ocklusion av annan art„r avg†ende fr†n aortab†gen eller dess grenar;;31.12.2012
IN;PAT99;;Injektion av l„kemedel i eller perkutan ocklusion av annan art„r avg†ende fr†n aortab†gen eller dess grenar;1.1.2013;
OUT;PBT10;;Injektion av l„kemedel i eller perkutan ocklusion av a axillaris;;31.12.2012
IN;PBT10;;Injektion av l„kemedel i eller perkutan ocklusion av a axillaris;1.1.2013;
OUT;PBT20;;Injektion av l„kemedel i eller perkutan ocklusion av a brachialis;;31.12.2012
IN;PBT20;;Injektion av l„kemedel i eller perkutan ocklusion av a brachialis;1.1.2013;
OUT;PBT99;;Injektion av l„kemedel i eller perkutan ocklusion av annan art„r i ”vre extremiteter;;31.12.2012
IN;PBT99;;Injektion av l„kemedel i eller perkutan ocklusion av annan art„r i ”vre extremiteter;1.1.2013;
OUT;PBU87;;Injektion av terapeutisk substans i a-v fistel fr†n art„r i ”vre extremitet;;31.12.2012
IN;PBU87;;Injektion av terapeutisk substans i a-v fistel fr†n art„r i ”vre extremitet;1.1.2013;
OUT;PCT20;;Injektion av l„kemedel i eller perkutan ocklusion av truncus coeliacus och dess grenar;;31.12.2012
IN;PCT20;;Injektion av l„kemedel i eller perkutan ocklusion av truncus coeliacus och dess grenar;1.1.2013;
OUT;PCT30;;Injektion av l„kemedel i eller perkutan ocklusion av a mecenterica superior;;31.12.2012
IN;PCT30;;Injektion av l„kemedel i eller perkutan ocklusion av a mecenterica superior;1.1.2013;
OUT;PCT40;;Injektion av l„kemedel i eller perkutan ocklusion av a renalis;;31.12.2012
IN;PCT40;;Injektion av l„kemedel i eller perkutan ocklusion av a renalis;1.1.2013;
OUT;PCT99;;Injektion av l„kemedel i eller perkutan ocklusion av annan visceralart„r;;31.12.2012
IN;PCT99;;Injektion av l„kemedel i eller perkutan ocklusion av annan visceralart„r;1.1.2013;
OUT;PCU87;;Injektion av l„kemedel i bypass fr†n suprarenala bukaorta eller visceralart„rer;;31.12.2012
IN;PCU87;;Injektion av l„kemedel i bypass fr†n suprarenala bukaorta eller visceralart„rer;1.1.2013;
OUT;PDT10;;Injektion av l„kemedel i eller perkutan ocklusion av infrarenala bukaorta;;31.12.2012
IN;PDT10;;Injektion av l„kemedel i eller perkutan ocklusion av infrarenala bukaorta;1.1.2013;
OUT;PDT30;;Injektion av l„kemedel i eller perkutan ocklusion av a iliaca;;31.12.2012
IN;PDT30;;Injektion av l„kemedel i eller perkutan ocklusion av a iliaca;1.1.2013;
OUT;PDU87;;Injektion av l„kemedel  i bypass fr†n infrarenala bukaorta eller a iliaca;;31.12.2012
IN;PDU87;;Injektion av l„kemedel  i bypass fr†n infrarenala bukaorta eller a iliaca;1.1.2013;
OUT;PET10;;Injektion av l„kemedel i eller perkutan ocklusion av a femoralis communis;;31.12.2012
IN;PET10;;Injektion av l„kemedel i eller perkutan ocklusion av a femoralis communis;1.1.2013;
OUT;PET11;;Injektion av l„kemedel i eller perkutan ocklusion av a profunda femoris;;31.12.2012
IN;PET11;;Injektion av l„kemedel i eller perkutan ocklusion av a profunda femoris;1.1.2013;
OUT;PET12;;Injektion av l„kemedel i eller perkutan ocklusion av a femoralis superficialis;;31.12.2012
IN;PET12;;Injektion av l„kemedel i eller perkutan ocklusion av a femoralis superficialis;1.1.2013;
OUT;PEU87;;Injektion av l„kemedel i bypass fr†n a femoralis eller a poplitea;;31.12.2012
IN;PEU87;;Injektion av l„kemedel i bypass fr†n a femoralis eller a poplitea;1.1.2013;
OUT;PFT10;;Injektion av l„kemedel i eller perkutan ocklusion av a poplitea;;31.12.2012
IN;PFT10;;Injektion av l„kemedel i eller perkutan ocklusion av a poplitea;1.1.2013;
OUT;PFT30;;Injektion av l„kemedel i eller perkutan ocklusion av a underbensart„r;;31.12.2012
IN;PFT30;;Injektion av l„kemedel i eller perkutan ocklusion av a underbensart„r;1.1.2013;
OUT;PFT87;;Injektion av l„kemedel i eller perkutan ocklusion av bypass fr†n a femoralis eller a poplitea;;31.12.2012
IN;PFT87;;Injektion av l„kemedel i eller perkutan ocklusion av bypass fr†n a femoralis eller a poplitea;1.1.2013;
OUT;PFU87;;Injektion av l„kemedel i bypass fr†n a femoralis eller a poplitea;;31.12.2012
IN;PFU87;;Injektion av l„kemedel i bypass fr†n a femoralis eller a poplitea;1.1.2013;
OUT;PGU87;;Injektion av l„kemedel i bypass p† extra-anatomiskt f”rlopp;;31.12.2012
IN;PGU87;;Injektion av l„kemedel i bypass p† extra-anatomiskt f”rlopp;1.1.2013;
OUT;PHB33;;Ligatur av v. mesenterica superior;;31.12.2012
IN;PHB33;;Ligatur av v. mesenterica superior;1.1.2013;
OUT;PHB34;;Ligatur av v. mesenterica inferior;;31.12.2012
IN;PHB34;;Ligatur av v. mesenterica inferior;1.1.2013;
OUT;PHB36;;Ligatur av v. spermatica;;31.12.2012
IN;PHB36;;Ligatur av v. spermatica;1.1.2013;
OUT;PHC32;;Sutur av  v. porta;;31.12.2012
IN;PHC32;;Sutur av  v. porta;1.1.2013;
OUT;PHC33;;Sutur av v. mesenterica superior;;31.12.2012
IN;PHC33;;Sutur av v. mesenterica superior;1.1.2013;
OUT;PHC34;;Sutur av v. mesenterica inferior;;31.12.2012
IN;PHC34;;Sutur av v. mesenterica inferior;1.1.2013;
OUT;PHC36;;Sutur av v. spermatica;;31.12.2012
IN;PHC36;;Sutur av v. spermatica;1.1.2013;
OUT;PHD32;;Resektion av v. porta;;31.12.2012
IN;PHD32;;Resektion av v. porta;1.1.2013;
OUT;PHD33;;Resektion av v. mesenterica superior;;31.12.2012
IN;PHD33;;Resektion av v. mesenterica superior;1.1.2013;
OUT;PHD34;;Resektion av v. mesenterica inferior;;31.12.2012
IN;PHD34;;Resektion av v. mesenterica inferior;1.1.2013;
OUT;PHD36;;Resektion av v. spermatica;;31.12.2012
IN;PHD36;;Resektion av v. spermatica;1.1.2013;
OUT;PHV10;;Endoven”s obliteration av v. saphena magna;;31.12.2012
IN;PHV10;;Endoven”s obliteration av v. saphena magna;1.1.2013;
OUT;PHV12;;Endoven”s obliteration av v. saphena parva;;31.12.2012
IN;PHV12;;Endoven”s obliteration av v. saphena parva;1.1.2013;
OUT;PHV13;;Endoven”s obliteration av perforant p† underbenet;;31.12.2012
IN;PHV13;;Endoven”s obliteration av perforant p† underbenet;1.1.2013;
OUT;PHV14;;Endoven”s obliteration av perforant p† l†ret;;31.12.2012
IN;PHV14;;Endoven”s obliteration av perforant p† l†ret;1.1.2013;
OUT;PHV36;;Endoven”s obliteration av v. spermatica;;31.12.2012
IN;PHV36;;Endoven”s obliteration av v. spermatica;1.1.2013;
OUT;PHV99;;Endoven”s obliteration av andra vener;;31.12.2012
IN;PHV99;;Endoven”s obliteration av andra vener;1.1.2013;
OUT;PXH10;;Bypass fr†n aortab†ge till a carotis;;31.12.2012
IN;PXH10;;Bypass fr†n aortab†ge till a carotis;1.1.2013;
OUT;QAA25;;Destruktion av hudf”r„ndring i huvud-halsregion;;31.12.2012
IN;QAA25;;Destruktion av hudf”r„ndring i huvud-halsregion;1.1.2013;
OUT;QBA25;;Destruktion av hudf”r„ndring p† b†len;;31.12.2012
IN;QBA25;;Destruktion av hudf”r„ndring p† b†len;1.1.2013;
OUT;QCA25;;Destruktion av hudf”r„ndring p† ”vre extremitet;;31.12.2012
IN;QCA25;;Destruktion av hudf”r„ndring p† ”vre extremitet;1.1.2013;
OUT;QCH40;;Trepannering av fingernagel;;31.12.2012
IN;QCH40;;Trepanering av fingernagel;1.1.2013;
OUT;QDA25;;Destruktion av hudf”r„ndring p† nedre extremitet;;31.12.2012
IN;QDA25;;Destruktion av hudf”r„ndring p† nedre extremitet;1.1.2013;
OUT;QDH40;;Trepannering av t†nagel;;31.12.2012
IN;QDH40;;Trepanering av t†nagel;1.1.2013;
OUT;QXA10;;Incision v hud, ospecificerad region;;31.12.2012
IN;QXA10;;Deleted 2012/12/31 - Incision v hud, ospecificerad region;1.1.2013;
OUT;QXA25;;Destruktion av hudf”r„ndring, ospecificerade region;;31.12.2012
IN;QXA25;;Destruktion av hudf”r„ndring, ospecificerad region;1.1.2013;
OUT;SK461;;Facettledsblockad med kateter;;31.12.2012
IN;SK461;;Facettledsblockad med kateter;1.1.2013;
OUT;TCA15;;Retrobulb„r injektion av l„kemedel i orbita;;31.12.2012
IN;TCA15;;Retrobulb„r injektion av l„kemedel i orbita;1.1.2013;
OUT;TCA20;;Peribulb„r injektion av l„kemedel i orbita;;31.12.2012
IN;TCA20;;Peribulb„r injektion av l„kemedel i orbita;1.1.2013;
OUT;TCB20;;Injektion av l„kemedel i ”gonlock;;31.12.2012
IN;TCB20;;Injektion av l„kemedel i ”gonlock;1.1.2013;
OUT;TCE00;;Injektion av l„kemedel i ”gonmuskel;;31.12.2012
IN;TCE00;;Injektion av l„kemedel i ”gonmuskel;1.1.2013;
OUT;TCF00;;Subkonjunktival injektion av l„kemedel;;31.12.2012
IN;TCF00;;Subkonjunktival injektion av l„kemedel;1.1.2013;
IN;TEN10;;Injektionsbehandling av velofarynx och nasofarynx inklusive injektionsbehandling i tubarostierna;1.1.2013;
OUT;TFC00;;Kateterisering av h”gerhj„rtat;;31.12.2012
IN;TFC00;;Kateterisering av h”gerhj„rtat;1.1.2013;
IN;TGA35;;Perkutant inl„ggande av toraxdr„nage;1.1.2013;
OUT;TKC25;;Intravesikal bl†sinstillation;;31.12.2012
IN;TKC25;;Intravesikal bl†sinstillation;1.1.2013;
OUT;TKD00;;Dilatation, sondering av uretra;;31.12.2012
IN;TKD00;;Dilatation, sondering av uretra;1.1.2013;
OUT;TKK05;;Aspirationscytologi av retroperitoneal f”r„ndring;;31.12.2012
IN;TKK05;;Aspirationscytologi av retroperitoneal f”r„ndring;1.1.2013;
OUT;TNA11;;Injektion av diagnostisk eller terapeutisk substans i led, kotpelare eller nacke;;31.12.2012
IN;TNA11;;Injektion av diagnostisk eller terapeutisk substans i led, kotpelare eller nacke;1.1.2013;
OUT;TNB11;;Injektion av diagnostisk eller terapeutisk substans i led, axel eller ”verarm (inkl skapula och klavikel och deras ledf”rbindelser);;31.12.2012
IN;TNB11;;Injektion av diagnostisk eller terapeutisk substans i led, axel eller ”verarm (inkl skapula och klavikel och deras ledf”rbindelser);1.1.2013;
OUT;TNC11;;Injektion av diagnostisk eller terapeutisk substans i led, armb†ge eller underarm;;31.12.2012
IN;TNC11;;Injektion av diagnostisk eller terapeutisk substans i led, armb†ge eller underarm;1.1.2013;
IN;TND03;;Perkutan fasciotomi;1.1.2013;
OUT;TND11;;Injektion av diagnostisk eller terapeutisk substans i led, handled eller hand;;31.12.2012
IN;TND11;;Injektion av diagnostisk eller terapeutisk substans i led, handled eller hand;1.1.2013;
OUT;TNE11;;Injektion av diagnostisk eller terapeutisk substans i led, b„ckenet (inkl sakrum och koccyx);;31.12.2012
IN;TNE11;;Injektion av diagnostisk eller terapeutisk substans i led, b„ckenet (inkl sakrum och koccyx);1.1.2013;
OUT;TNF11;;Injektion av diagnostisk eller terapeutisk substans i led, h”ftled eller l†r;;31.12.2012
IN;TNF11;;Injektion av diagnostisk eller terapeutisk substans i led, h”ftled eller l†r;1.1.2013;
OUT;TNG11;;Injektion av diagnostisk eller terapeutisk substans i led, kn„led eller underben;;31.12.2012
IN;TNG11;;Injektion av diagnostisk eller terapeutisk substans i led, kn„led eller underben;1.1.2013;
OUT;TNH11;;Injektion av diagnostisk eller terapeutisk substans i led, fotled eller fot;;31.12.2012
IN;TNH11;;Injektion av diagnostisk eller terapeutisk substans i led, fotled eller fot;1.1.2013;
OUT;TNX00;;Punktion eller n†lbiopsi av mjukdelar, ospecificerad region;;31.12.2012
IN;TNX00;;Punktion eller n†lbiopsi av mjukdelar, ospecificerad region;1.1.2013;
OUT;TNX05;;Enkel incision av mjukdelar, ospecificerad region;;31.12.2012
IN;TNX05;;Enkel incision av mjukdelar, ospecificerad region;1.1.2013;
OUT;TNX11;;Injektion av diagnostisk eller terapeutisk substans i led, ospecificerad region;;31.12.2012
IN;TNX11;;Injektion av diagnostisk eller terapeutisk substans i led, ospecificerad region;1.1.2013;
OUT;TPH00;;Venesectio;;31.12.2012
IN;TPH00;;Venesectio;1.1.2013;
OUT;TQX05;;Punktion av hud;;31.12.2012
IN;TQX05;;Punktion av hud;1.1.2013;
OUT;TQX20;;Inl„ggning av subkutant l„kemedelsimplantat;;31.12.2012
IN;TQX20;;Inl„ggning av subkutant l„kemedelsimplantat;1.1.2013;
OUT;TQX30;;Uttagning av subkutant l„kemedelsimplantat;;31.12.2012
IN;TQX30;;Uttagning av subkutant l„kemedelsimplantat;1.1.2013;
OUT;TQX50;;Justering av volym av v„vnadsexpander;;31.12.2012
IN;TQX50;;Justering av volym av v„vnadsexpander;1.1.2013;
OUT;UEN02;;Orofaryngoskopi;;31.12.2012
IN;UEN02;;Orofaryngoskopi;1.1.2013;
OUT;UEN12;;Hypofaryngoskopi;;31.12.2012
IN;UEN12;;Hypofaryngoskopi;1.1.2013;
OUT;UJF22;;Intraoperativ enteroskopi;;31.12.2012
IN;UJF22;;Intraoperativ enteroskopi;1.1.2013;
OUT;XGX02;;Transesofageal ultraljudsunders”kning;;31.12.2012
IN;XGX02;;Transesofageal ultraljudsunders”kning;1.1.2013;
OUT;XPX10;;Angioskopi;;31.12.2012
IN;XPX10;;Angioskopi;1.1.2013;
OUT;XPX30;;Endovaskul„rt ultraljud;;31.12.2012
IN;XPX30;;Endovaskul„rt ultraljud;1.1.2013;
IN;XS925;;Barnmorska;1.1.2013;
OUT;XV008;;Utf„rdande av recept, hj„lpmedelskort och livsmedelsanvisning;;31.12.2012
IN;XV008;;Utf„rdande av recept, hj„lpmedelskort och livsmedelsanvisning;1.1.2013;
OUT;ZX602;;2 †tg„rder med samma kod, ej samma tillf„lle;;31.12.2012
IN;ZX602;;2 †tg„rder med samma kod, ej samma tillf„lle;1.1.2013;
OUT;ZX603;;3 †tg„rder med samma kod, ej samma tillf„lle;;31.12.2012
IN;ZX603;;3 †tg„rder med samma kod, ej samma tillf„lle;1.1.2013;
OUT;ZX604;;4 †tg„rder med samma kod, ej samma tillf„lle;;31.12.2012
IN;ZX604;;4 †tg„rder med samma kod, ej samma tillf„lle;1.1.2013;
OUT;ZX605;;5 †tg„rder med samma kod, ej samma tillf„lle;;31.12.2012
IN;ZX605;;5 †tg„rder med samma kod, ej samma tillf„lle;1.1.2013;
OUT;ZX606;;6 †tg„rder med samma kod, ej samma tillf„lle;;31.12.2012
IN;ZX606;;6 †tg„rder med samma kod, ej samma tillf„lle;1.1.2013;
OUT;ZX607;;7 †tg„rder med samma kod, ej samma tillf„lle;;31.12.2012
IN;ZX607;;7 †tg„rder med samma kod, ej samma tillf„lle;1.1.2013;
OUT;ZX608;;8 †tg„rder med samma kod, ej samma tillf„lle;;31.12.2012
IN;ZX608;;8 †tg„rder med samma kod, ej samma tillf„lle;1.1.2013;
OUT;ZX609;;9 †tg„rder med samma kod, ej samma tillf„lle;;31.12.2012
IN;ZX609;;9 †tg„rder med samma kod, ej samma tillf„lle;1.1.2013;
OUT;ZX610;;10 †tg„rder med samma kod, ej samma tillf„lle;;31.12.2012
IN;ZX610;;10 †tg„rder med samma kod, ej samma tillf„lle;1.1.2013;
OUT;ZX611;;11 †tg„rder med samma kod, ej samma tillf„lle;;31.12.2012
IN;ZX611;;11 †tg„rder med samma kod, ej samma tillf„lle;1.1.2013;
OUT;ZX612;;12 †tg„rder med samma kod, ej samma tillf„lle;;31.12.2012
IN;ZX612;;12 †tg„rder med samma kod, ej samma tillf„lle;1.1.2013;
OUT;ZX613;;13 †tg„rder med samma kod, ej samma tillf„lle;;31.12.2012
IN;ZX613;;13 †tg„rder med samma kod, ej samma tillf„lle;1.1.2013;
OUT;ZX614;;14 †tg„rder med samma kod, ej samma tillf„lle;;31.12.2012
IN;ZX614;;14 †tg„rder med samma kod, ej samma tillf„lle;1.1.2013;
OUT;ZX615;;15 †tg„rder med samma kod, ej samma tillf„lle;;31.12.2012
IN;ZX615;;15 †tg„rder med samma kod, ej samma tillf„lle;1.1.2013;
OUT;ZX616;;16 †tg„rder med samma kod, ej samma tillf„lle;;31.12.2012
IN;ZX616;;16 †tg„rder med samma kod, ej samma tillf„lle;1.1.2013;
OUT;ZX617;;17 †tg„rder med samma kod, ej samma tillf„lle;;31.12.2012
IN;ZX617;;17 †tg„rder med samma kod, ej samma tillf„lle;1.1.2013;
OUT;ZX618;;18 †tg„rder med samma kod, ej samma tillf„lle;;31.12.2012
IN;ZX618;;18 †tg„rder med samma kod, ej samma tillf„lle;1.1.2013;
OUT;ZX619;;19 †tg„rder med samma kod, ej samma tillf„lle;;31.12.2012
IN;ZX619;;19 †tg„rder med samma kod, ej samma tillf„lle;1.1.2013;
OUT;ZX620;;20 †tg„rder med samma kod, ej samma tillf„lle;;31.12.2012
IN;ZX620;;20 †tg„rder med samma kod, ej samma tillf„lle;1.1.2013;
OUT;ZX621;;21 †tg„rder med samma kod, ej samma tillf„lle;;31.12.2012
IN;ZX621;;21 †tg„rder med samma kod, ej samma tillf„lle;1.1.2013;
OUT;ZX622;;22 †tg„rder med samma kod, ej samma tillf„lle;;31.12.2012
IN;ZX622;;22 †tg„rder med samma kod, ej samma tillf„lle;1.1.2013;
OUT;ZX623;;23 †tg„rder med samma kod, ej samma tillf„lle;;31.12.2012
IN;ZX623;;23 †tg„rder med samma kod, ej samma tillf„lle;1.1.2013;
OUT;ZX624;;24 †tg„rder med samma kod, ej samma tillf„lle;;31.12.2012
IN;ZX624;;24 †tg„rder med samma kod, ej samma tillf„lle;1.1.2013;
OUT;ZX625;;25 †tg„rder med samma kod, ej samma tillf„lle;;31.12.2012
IN;ZX625;;25 †tg„rder med samma kod, ej samma tillf„lle;1.1.2013;
OUT;ZX626;;26 †tg„rder med samma kod, ej samma tillf„lle;;31.12.2012
IN;ZX626;;26 †tg„rder med samma kod, ej samma tillf„lle;1.1.2013;
OUT;ZX627;;27 †tg„rder med samma kod, ej samma tillf„lle;;31.12.2012
IN;ZX627;;27 †tg„rder med samma kod, ej samma tillf„lle;1.1.2013;
OUT;ZX628;;28 †tg„rder med samma kod, ej samma tillf„lle;;31.12.2012
IN;ZX628;;28 †tg„rder med samma kod, ej samma tillf„lle;1.1.2013;
OUT;ZX629;;29 †tg„rder med samma kod, ej samma tillf„lle;;31.12.2012
IN;ZX629;;29 †tg„rder med samma kod, ej samma tillf„lle;1.1.2013;
OUT;ZX630;;30 †tg„rder med samma kod, ej samma tillf„lle;;31.12.2012
IN;ZX630;;30 †tg„rder med samma kod, ej samma tillf„lle;1.1.2013;
OUT;ZXC11;;Anv„ndning av intensivt pulsat ljus, IPL;;31.12.2012
IN;ZXC11;;Anv„ndande av intensivt pulsat ljus, IPL;1.1.2013;
OUT;ZXC55;;Dermabrasio (hudslipning);;31.12.2012
IN;ZXC55;;Dermabrasio ;1.1.2013;
OUT;ZXC65;;Skrapning;;31.12.2012
IN;ZXC65;;Skrapning;1.1.2013;
OUT;ZXM00;;Anv„ndande av ultrasonografisk bildteknik under operation;;31.12.2012
IN;ZXM00;;Anv„ndande av ultrasonografisk bildteknik under operation;1.1.2013;
